<edmx:Edmx xmlns:edmx="http://schemas.microsoft.com/ado/2007/06/edmx"
	xmlns:m="http://schemas.microsoft.com/ado/2007/08/dataservices/metadata" xmlns:sap="http://www.sap.com/Protocols/SAPData" Version="1.0">
	<edmx:DataServices m:DataServiceVersion="2.0">
		<Schema xmlns="http://schemas.microsoft.com/ado/2008/09/edm" Namespace="ZS_MM_CARTREQ_SRV" xml:lang="en" sap:schema-version="1">
			<EntityType Name="ZVAR_SRCH" sap:content-version="1">
				<Key><PropertyRef Name="ZVARIANT"/></Key><Property Name="BNAME" Type="Edm.String" MaxLength="12" sap:unicode="false" sap:label="User Name in User Master Record"/><Property Name="CARTCODE" Type="Edm.String" MaxLength="4" sap:unicode="false" sap:label="CART Item"/><Property Name="ZMATNR" Type="Edm.String" MaxLength="18" sap:unicode="false" sap:label="Material Number"/><Property Name="ZMAKTX" Type="Edm.String" MaxLength="40" sap:unicode="false" sap:label="Material Description"/><Property Name="ZVARIANT" Type="Edm.String" Nullable="false" MaxLength="8" sap:unicode="false" sap:label="VARIANT Name"
					sap:creatable="false" sap:updatable="false"/><Property Name="QMATNR" Type="Edm.String" MaxLength="18" sap:unicode="false" sap:label="Quest Material"/><NavigationProperty Name="ZVAR_F4HLPSet" Relationship="ZS_MM_CARTREQ_SRV.VARNT" FromRole="FromRole_VARNT" ToRole="ToRole_VARNT"/></EntityType>
			<EntityType Name="ZMAT_SRCH" sap:content-version="1">
				<Key><PropertyRef Name="BNAME"/></Key><Property Name="WERKS" Type="Edm.String" MaxLength="4" sap:unicode="false" sap:label="Plant"/><Property Name="MATNR" Type="Edm.String" MaxLength="18" sap:unicode="false" sap:label="Material Number"/><Property Name="CARTCODE" Type="Edm.String" MaxLength="4" sap:unicode="false" sap:label="CART Item"/><Property Name="ZMAKTX" Type="Edm.String" MaxLength="100" sap:unicode="false" sap:label="Material Long Description"/><Property Name="MEINS" Type="Edm.String" MaxLength="3" sap:unicode="false" sap:label="Unit of Measure"/><Property Name="NETPR" Type="Edm.String" MaxLength="15" sap:unicode="false" sap:label="Moving Average Price/Periodic Unit Price"/><Property Name="PEINH" Type="Edm.String" MaxLength="7" sap:unicode="false" sap:label="Price Unit"/><Property Name="SAKNR" Type="Edm.String" MaxLength="10" sap:unicode="false" sap:label="G/L Account Number"/><Property Name="ZKEY" Type="Edm.String" MaxLength="2" sap:unicode="false" sap:label="Zkey"/><Property Name="COST_CEN" Type="Edm.String" MaxLength="10" sap:unicode="false" sap:label="Cost Center"/><Property Name="WORK_CEN" Type="Edm.String" MaxLength="10" sap:unicode="false" sap:label="Work Center"/><Property Name="GENERAL_CEN" Type="Edm.String" MaxLength="10" sap:unicode="false" sap:label="General Center"/><Property Name="AUFNR" Type="Edm.String" MaxLength="12" sap:unicode="false" sap:label="Internal Order 1"/><Property Name="AUFNR1" Type="Edm.String" MaxLength="12" sap:unicode="false" sap:label="Internal Order 2"/><Property Name="AUFNR2" Type="Edm.String" MaxLength="12" sap:unicode="false" sap:label="Internal Order 3"/><Property Name="PSPNR" Type="Edm.String" MaxLength="24" sap:unicode="false" sap:label="Line Item"/><Property Name="REQ_TYP" Type="Edm.String" MaxLength="3" sap:unicode="false" sap:label="Requirement Type"/><Property Name="ORD_MIN" Type="Edm.String" MaxLength="15" sap:unicode="false" sap:label="Min Order"/><Property Name="ORD_MUL" Type="Edm.String" MaxLength="15" sap:unicode="false" sap:label="Mult Order"/><Property Name="ORD_MAX" Type="Edm.String" MaxLength="15" sap:unicode="false" sap:label="Max Order"/><Property Name="BNAME" Type="Edm.String" Nullable="false" MaxLength="12" sap:unicode="false" sap:label="User Name in User Master Record"
					sap:creatable="false" sap:updatable="false"/><Property Name="QMATNR" Type="Edm.String" MaxLength="18" sap:unicode="false" sap:label="Quest Material"/><Property Name="S_MODE" Type="Edm.String" MaxLength="1" sap:unicode="false" sap:label="Mode"/><Property Name="ZVARIANT" Type="Edm.String" MaxLength="12" sap:unicode="false" sap:label="VARIANT Name"/></EntityType>
			<EntityType Name="ZVAR_F4HLP" sap:content-version="1">
				<Key><PropertyRef Name="BNAME"/></Key><Property Name="BNAME" Type="Edm.String" Nullable="false" MaxLength="12" sap:unicode="false" sap:label="User Name in User Master Record"
					sap:creatable="false" sap:updatable="false"/><Property Name="ZVARIANT" Type="Edm.String" MaxLength="8" sap:unicode="false" sap:label="VARIANT Name"/><Property Name="SEQ" Type="Edm.String" MaxLength="5" sap:unicode="false" sap:label="Sequence"/><Property Name="VARI_DES" Type="Edm.String" MaxLength="20" sap:unicode="false" sap:label="Description"/><Property Name="CARTCODE" Type="Edm.String" MaxLength="4" sap:unicode="false" sap:label="CART Item"/><Property Name="LVORM" Type="Edm.String" MaxLength="1" sap:unicode="false" sap:label="Flag Material for Deletion at Client Level"/><NavigationProperty Name="ZVAR_SRCHSet" Relationship="ZS_MM_CARTREQ_SRV.VARNT" FromRole="ToRole_VARNT" ToRole="FromRole_VARNT"/></EntityType>
			<EntityType Name="LOGINDETLS" sap:content-version="1">
				<Key><PropertyRef Name="BNAME"/></Key><Property Name="BNAME" Type="Edm.String" Nullable="false" MaxLength="12" sap:unicode="false" sap:label="Login User ID" sap:creatable="false"
					sap:updatable="false" sap:sortable="false" sap:filterable="false"/><Property Name="FIRSTNAME" Type="Edm.String" Nullable="false" MaxLength="40" sap:unicode="false" sap:label="First Name"
					sap:creatable="false" sap:updatable="false" sap:sortable="false" sap:filterable="false"/><Property Name="LASTNAME" Type="Edm.String" Nullable="false" MaxLength="40" sap:unicode="false" sap:label="Last Name" sap:creatable="false"
					sap:updatable="false" sap:sortable="false" sap:filterable="false"/><Property Name="FULLNAME" Type="Edm.String" Nullable="false" MaxLength="100" sap:unicode="false" sap:label="Full Name" sap:creatable="false"
					sap:updatable="false" sap:sortable="false" sap:filterable="false"/></EntityType>
			<Association Name="VARNT" sap:content-version="1"><End Type="ZS_MM_CARTREQ_SRV.ZVAR_SRCH" Multiplicity="*" Role="FromRole_VARNT"/><End Type="ZS_MM_CARTREQ_SRV.ZVAR_F4HLP" Multiplicity="*" Role="ToRole_VARNT"/>
				<ReferentialConstraint>
					<Principal Role="FromRole_VARNT"><PropertyRef Name="ZVARIANT"/></Principal>
					<Dependent Role="ToRole_VARNT"><PropertyRef Name="ZVARIANT"/></Dependent>
				</ReferentialConstraint>
			</Association>
			<EntityContainer Name="ZS_MM_CARTREQ_SRV_Entities" m:IsDefaultEntityContainer="true" sap:supported-formats="atom json xlsx"><EntitySet Name="ZVAR_SRCHSet" EntityType="ZS_MM_CARTREQ_SRV.ZVAR_SRCH" sap:creatable="false" sap:updatable="false" sap:deletable="false"
				sap:pageable="false" sap:addressable="false" sap:content-version="1"/><EntitySet Name="ZMAT_SRCHSet" EntityType="ZS_MM_CARTREQ_SRV.ZMAT_SRCH" sap:creatable="false" sap:updatable="false" sap:deletable="false"
				sap:pageable="false" sap:addressable="false" sap:content-version="1"/><EntitySet Name="ZVAR_F4HLPSet" EntityType="ZS_MM_CARTREQ_SRV.ZVAR_F4HLP" sap:creatable="false" sap:updatable="false" sap:deletable="false"
				sap:pageable="false" sap:addressable="false" sap:content-version="1"/><EntitySet Name="LOGINDETLSSet" EntityType="ZS_MM_CARTREQ_SRV.LOGINDETLS" sap:creatable="false" sap:updatable="false" sap:deletable="false"
				sap:pageable="false" sap:addressable="false" sap:content-version="1"/>
				<AssociationSet Name="VARNTSet" Association="ZS_MM_CARTREQ_SRV.VARNT" sap:creatable="false" sap:updatable="false" sap:deletable="false"
					sap:content-version="1"><End EntitySet="ZVAR_SRCHSet" Role="FromRole_VARNT"/><End EntitySet="ZVAR_F4HLPSet" Role="ToRole_VARNT"/></AssociationSet>
			</EntityContainer><atom:link xmlns:atom="http://www.w3.org/2005/Atom" rel="self"
				href="https://ne1itcdrhas44.cloud:443/sap/opu/odata/sap/ZS_MM_CARTREQ_SRV/$metadata"/><atom:link xmlns:atom="http://www.w3.org/2005/Atom" rel="latest-version"
				href="https://ne1itcdrhas44.cloud:443/sap/opu/odata/sap/ZS_MM_CARTREQ_SRV/$metadata"/></Schema>
	</edmx:DataServices>
</edmx:Edmx>